PATH,METHOD,DOMAIN,ACTOR,AUTHORITY,MEMBER_GENERATED_MUTATION,SUSPENDED,BLOCKED,WITHDRAWN,CLASS,CURRENT_GUARD,TARGET_GUARD,EXEMPT_REASON,FILE,HAD_CENTRAL_BEFORE
/api/account/phone/send-otp,POST,ACCOUNT_SOCIAL,member,api_route,Y,EXEMPT,EXEMPT,EXEMPT,EXEMPT,none|route-local-auth-only,central:EXEMPT(explicit),explicit MEMBER_MUTATION_EXEMPT_RULES,app/api/account/phone/send-otp/route.ts,N
/api/account/phone/verify-otp,POST,ACCOUNT_SOCIAL,member,api_route,Y,EXEMPT,EXEMPT,EXEMPT,EXEMPT,none|route-local-auth-only,central:EXEMPT(explicit),explicit MEMBER_MUTATION_EXEMPT_RULES,app/api/account/phone/verify-otp/route.ts,N
/api/ads/apply,POST,OTHER,member,api_route,Y,DENY,DENY,DENY,DENY,none|route-local-auth-only,central:proxy.enforceApiMemberMutationPolicy(PRODUCT_WRITE),,app/api/ads/apply/route.ts,N
/api/app/notification-sound-resolve,POST,OTHER,member,api_route,Y,DENY,DENY,DENY,DENY,none|route-local-auth-only,central:proxy.enforceApiMemberMutationPolicy(PRODUCT_WRITE),,app/api/app/notification-sound-resolve/route.ts,N
/api/auth/logout,POST,ACCOUNT_SOCIAL,member,api_route,Y,EXEMPT,EXEMPT,EXEMPT,EXEMPT,none|route-local-auth-only,central:EXEMPT(explicit),explicit MEMBER_MUTATION_EXEMPT_RULES,app/api/auth/logout/route.ts,N
/api/auth/logout-all,POST,ACCOUNT_SOCIAL,member,api_route,Y,EXEMPT,EXEMPT,EXEMPT,EXEMPT,none|route-local-auth-only,central:EXEMPT(explicit),explicit MEMBER_MUTATION_EXEMPT_RULES,app/api/auth/logout-all/route.ts,N
/api/auth/native/exchange,POST,ACCOUNT_SOCIAL,member,api_route,Y,EXEMPT,EXEMPT,EXEMPT,EXEMPT,none|route-local-auth-only,central:EXEMPT(explicit),explicit MEMBER_MUTATION_EXEMPT_RULES,app/api/auth/native/exchange/route.ts,N
/api/auth/password-login/resolve-identifier,POST,ACCOUNT_SOCIAL,member,api_route,Y,EXEMPT,EXEMPT,EXEMPT,EXEMPT,none|route-local-auth-only,central:EXEMPT(explicit),explicit MEMBER_MUTATION_EXEMPT_RULES,app/api/auth/password-login/resolve-identifier/route.ts,N
/api/auth/profile/ensure,POST,ACCOUNT_SOCIAL,member,api_route,Y,EXEMPT,EXEMPT,EXEMPT,EXEMPT,none|route-local-auth-only,central:EXEMPT(explicit),explicit MEMBER_MUTATION_EXEMPT_RULES,app/api/auth/profile/ensure/route.ts,N
/api/auth/provider/conflict-check,POST,ACCOUNT_SOCIAL,member,api_route,Y,EXEMPT,EXEMPT,EXEMPT,EXEMPT,none|route-local-auth-only,central:EXEMPT(explicit),explicit MEMBER_MUTATION_EXEMPT_RULES,app/api/auth/provider/conflict-check/route.ts,N
/api/auth/provider/link/complete,POST,ACCOUNT_SOCIAL,member,api_route,Y,EXEMPT,EXEMPT,EXEMPT,EXEMPT,none|route-local-auth-only,central:EXEMPT(explicit),explicit MEMBER_MUTATION_EXEMPT_RULES,app/api/auth/provider/link/complete/route.ts,N
/api/auth/provider/link/start,POST,ACCOUNT_SOCIAL,member,api_route,Y,EXEMPT,EXEMPT,EXEMPT,EXEMPT,none|route-local-auth-only,central:EXEMPT(explicit),explicit MEMBER_MUTATION_EXEMPT_RULES,app/api/auth/provider/link/start/route.ts,N
/api/chat/create-room,POST,OTHER,member,api_route,Y,DENY,DENY,DENY,DENY,none|route-local-auth-only,central:proxy.enforceApiMemberMutationPolicy(PRODUCT_WRITE),,app/api/chat/create-room/route.ts,N
/api/chat/item/start,POST,OTHER,member,api_route,Y,DENY,DENY,DENY,DENY,none|route-local-auth-only,central:proxy.enforceApiMemberMutationPolicy(PRODUCT_WRITE),,app/api/chat/item/start/route.ts,N
/api/chat/messages/[id]/hide,POST,OTHER,member,api_route,Y,DENY,DENY,DENY,DENY,none|route-local-auth-only,central:proxy.enforceApiMemberMutationPolicy(PRODUCT_WRITE),,app/api/chat/messages/[id]/hide/route.ts,N
/api/chat/reports,POST,OTHER,member,api_route,Y,DENY,DENY,DENY,DENY,none|route-local-auth-only,central:proxy.enforceApiMemberMutationPolicy(PRODUCT_WRITE),,app/api/chat/reports/route.ts,N
/api/chat/room/[roomId]/leave,POST,OTHER,member,api_route,Y,DENY,DENY,DENY,DENY,central:assertVerified|isProductWriteDenied,central:proxy.enforceApiMemberMutationPolicy(PRODUCT_WRITE),,app/api/chat/room/[roomId]/leave/route.ts,Y
/api/chat/room/[roomId]/read,POST,OTHER,member,api_route,Y,DENY,DENY,DENY,DENY,none|route-local-auth-only,central:proxy.enforceApiMemberMutationPolicy(PRODUCT_WRITE),,app/api/chat/room/[roomId]/read/route.ts,N
/api/chat/room/[roomId]/send,POST,OTHER,member,api_route,Y,DENY,DENY,DENY,DENY,central:assertVerified|isProductWriteDenied,central:proxy.enforceApiMemberMutationPolicy(PRODUCT_WRITE),,app/api/chat/room/[roomId]/send/route.ts,Y
/api/chat/rooms/[roomId]/appointments,POST,OTHER,member,api_route,Y,DENY,DENY,DENY,DENY,none|route-local-auth-only,central:proxy.enforceApiMemberMutationPolicy(PRODUCT_WRITE),,app/api/chat/rooms/[roomId]/appointments/route.ts,N
/api/chat/rooms/[roomId]/block,POST,OTHER,member,api_route,Y,DENY,DENY,DENY,DENY,none|route-local-auth-only,central:proxy.enforceApiMemberMutationPolicy(PRODUCT_WRITE),,app/api/chat/rooms/[roomId]/block/route.ts,N
/api/chat/rooms/[roomId]/hide,POST,OTHER,member,api_route,Y,DENY,DENY,DENY,DENY,none|route-local-auth-only,central:proxy.enforceApiMemberMutationPolicy(PRODUCT_WRITE),,app/api/chat/rooms/[roomId]/hide/route.ts,N
/api/chat/rooms/[roomId]/leave,POST,OTHER,member,api_route,Y,DENY,DENY,DENY,DENY,none|route-local-auth-only,central:proxy.enforceApiMemberMutationPolicy(PRODUCT_WRITE),,app/api/chat/rooms/[roomId]/leave/route.ts,N
/api/chat/rooms/[roomId]/lock,POST,OTHER,member,api_route,Y,DENY,DENY,DENY,DENY,none|route-local-auth-only,central:proxy.enforceApiMemberMutationPolicy(PRODUCT_WRITE),,app/api/chat/rooms/[roomId]/lock/route.ts,N
/api/chat/rooms/[roomId]/messages,POST,OTHER,member,api_route,Y,DENY,DENY,DENY,DENY,central:assertVerified|isProductWriteDenied,central:proxy.enforceApiMemberMutationPolicy(PRODUCT_WRITE),,app/api/chat/rooms/[roomId]/messages/route.ts,Y
/api/chat/rooms/[roomId]/read,POST,OTHER,member,api_route,Y,DENY,DENY,DENY,DENY,none|route-local-auth-only,central:proxy.enforceApiMemberMutationPolicy(PRODUCT_WRITE),,app/api/chat/rooms/[roomId]/read/route.ts,N
/api/chat/rooms/[roomId]/reopen,POST,OTHER,member,api_route,Y,DENY,DENY,DENY,DENY,none|route-local-auth-only,central:proxy.enforceApiMemberMutationPolicy(PRODUCT_WRITE),,app/api/chat/rooms/[roomId]/reopen/route.ts,N
/api/chat/rooms/[roomId]/trade-status,POST,TRADE,member,api_route,Y,DENY,DENY,DENY,DENY,none|route-local-auth-only,central:proxy.enforceApiMemberMutationPolicy(PRODUCT_WRITE),,app/api/chat/rooms/[roomId]/trade-status/route.ts,N
/api/chat/rooms/[roomId]/unblock,POST,OTHER,member,api_route,Y,DENY,DENY,DENY,DENY,none|route-local-auth-only,central:proxy.enforceApiMemberMutationPolicy(PRODUCT_WRITE),,app/api/chat/rooms/[roomId]/unblock/route.ts,N
/api/chat/rooms/[roomId]/unlock,POST,OTHER,member,api_route,Y,DENY,DENY,DENY,DENY,none|route-local-auth-only,central:proxy.enforceApiMemberMutationPolicy(PRODUCT_WRITE),,app/api/chat/rooms/[roomId]/unlock/route.ts,N
/api/community/article-og-image,POST,COMMUNITY,member,api_route,Y,DENY,DENY,DENY,DENY,none|route-local-auth-only,central:proxy.enforceApiMemberMutationPolicy(PRODUCT_WRITE),,app/api/community/article-og-image/route.ts,N
/api/community/block-relations,POST,COMMUNITY,member,api_route,Y,DENY,DENY,DENY,DENY,none|route-local-auth-only,central:proxy.enforceApiMemberMutationPolicy(PRODUCT_WRITE),,app/api/community/block-relations/route.ts,N
/api/community/meetings/[meetingId]/approve,POST,COMMUNITY,member,api_route,Y,DENY,DENY,DENY,DENY,none|route-local-auth-only,central:proxy.enforceApiMemberMutationPolicy(PRODUCT_WRITE),,app/api/community/meetings/[meetingId]/approve/route.ts,N
/api/community/meetings/[meetingId]/attendance,PATCH,COMMUNITY,member,api_route,Y,DENY,DENY,DENY,DENY,none|route-local-auth-only,central:proxy.enforceApiMemberMutationPolicy(PRODUCT_WRITE),,app/api/community/meetings/[meetingId]/attendance/route.ts,N
/api/community/meetings/[meetingId]/ban,POST,COMMUNITY,member,api_route,Y,DENY,DENY,DENY,DENY,none|route-local-auth-only,central:proxy.enforceApiMemberMutationPolicy(PRODUCT_WRITE),,app/api/community/meetings/[meetingId]/ban/route.ts,N
/api/community/meetings/[meetingId]/close,POST,COMMUNITY,member,api_route,Y,DENY,DENY,DENY,DENY,none|route-local-auth-only,central:proxy.enforceApiMemberMutationPolicy(PRODUCT_WRITE),,app/api/community/meetings/[meetingId]/close/route.ts,N
/api/community/meetings/[meetingId]/cohost,DELETE,COMMUNITY,member,api_route,Y,DENY,DENY,DENY,DENY,none|route-local-auth-only,central:proxy.enforceApiMemberMutationPolicy(PRODUCT_WRITE),,app/api/community/meetings/[meetingId]/cohost/route.ts,N
/api/community/meetings/[meetingId]/cohost,POST,COMMUNITY,member,api_route,Y,DENY,DENY,DENY,DENY,none|route-local-auth-only,central:proxy.enforceApiMemberMutationPolicy(PRODUCT_WRITE),,app/api/community/meetings/[meetingId]/cohost/route.ts,N
/api/community/meetings/[meetingId]/invite,DELETE,COMMUNITY,member,api_route,Y,DENY,DENY,DENY,DENY,none|route-local-auth-only,central:proxy.enforceApiMemberMutationPolicy(PRODUCT_WRITE),,app/api/community/meetings/[meetingId]/invite/route.ts,N
/api/community/meetings/[meetingId]/invite,POST,COMMUNITY,member,api_route,Y,DENY,DENY,DENY,DENY,none|route-local-auth-only,central:proxy.enforceApiMemberMutationPolicy(PRODUCT_WRITE),,app/api/community/meetings/[meetingId]/invite/route.ts,N
/api/community/meetings/[meetingId]/join,POST,COMMUNITY,member,api_route,Y,DENY,DENY,DENY,DENY,none|route-local-auth-only,central:proxy.enforceApiMemberMutationPolicy(PRODUCT_WRITE),,app/api/community/meetings/[meetingId]/join/route.ts,N
/api/community/meetings/[meetingId]/kick,POST,COMMUNITY,member,api_route,Y,DENY,DENY,DENY,DENY,none|route-local-auth-only,central:proxy.enforceApiMemberMutationPolicy(PRODUCT_WRITE),,app/api/community/meetings/[meetingId]/kick/route.ts,N
/api/community/meetings/[meetingId]/leave,POST,COMMUNITY,member,api_route,Y,DENY,DENY,DENY,DENY,none|route-local-auth-only,central:proxy.enforceApiMemberMutationPolicy(PRODUCT_WRITE),,app/api/community/meetings/[meetingId]/leave/route.ts,N
/api/community/meetings/[meetingId]/notices/[noticeId],DELETE,COMMUNITY,member,api_route,Y,DENY,DENY,DENY,DENY,none|route-local-auth-only,central:proxy.enforceApiMemberMutationPolicy(PRODUCT_WRITE),,app/api/community/meetings/[meetingId]/notices/[noticeId]/route.ts,N
/api/community/meetings/[meetingId]/notices/[noticeId],PATCH,COMMUNITY,member,api_route,Y,DENY,DENY,DENY,DENY,none|route-local-auth-only,central:proxy.enforceApiMemberMutationPolicy(PRODUCT_WRITE),,app/api/community/meetings/[meetingId]/notices/[noticeId]/route.ts,N
/api/community/meetings/[meetingId]/notices,POST,COMMUNITY,member,api_route,Y,DENY,DENY,DENY,DENY,none|route-local-auth-only,central:proxy.enforceApiMemberMutationPolicy(PRODUCT_WRITE),,app/api/community/meetings/[meetingId]/notices/route.ts,N
/api/community/meetings/[meetingId]/reject,POST,COMMUNITY,member,api_route,Y,DENY,DENY,DENY,DENY,none|route-local-auth-only,central:proxy.enforceApiMemberMutationPolicy(PRODUCT_WRITE),,app/api/community/meetings/[meetingId]/reject/route.ts,N
/api/community/meetings/[meetingId],PATCH,COMMUNITY,member,api_route,Y,DENY,DENY,DENY,DENY,none|route-local-auth-only,central:proxy.enforceApiMemberMutationPolicy(PRODUCT_WRITE),,app/api/community/meetings/[meetingId]/route.ts,N
/api/community/meetings/[meetingId]/unban,POST,COMMUNITY,member,api_route,Y,DENY,DENY,DENY,DENY,none|route-local-auth-only,central:proxy.enforceApiMemberMutationPolicy(PRODUCT_WRITE),,app/api/community/meetings/[meetingId]/unban/route.ts,N
/api/community/neighbor-relations,POST,COMMUNITY,member,api_route,Y,DENY,DENY,DENY,DENY,none|route-local-auth-only,central:proxy.enforceApiMemberMutationPolicy(PRODUCT_WRITE),,app/api/community/neighbor-relations/route.ts,N
/api/community/neighborhood-posts/[postId],DELETE,COMMUNITY,member,api_route,Y,DENY,DENY,DENY,DENY,none|route-local-auth-only,central:proxy.enforceApiMemberMutationPolicy(PRODUCT_WRITE),,app/api/community/neighborhood-posts/[postId]/route.ts,N
/api/community/neighborhood-posts/[postId],PATCH,COMMUNITY,member,api_route,Y,DENY,DENY,DENY,DENY,none|route-local-auth-only,central:proxy.enforceApiMemberMutationPolicy(PRODUCT_WRITE),,app/api/community/neighborhood-posts/[postId]/route.ts,N
/api/community/neighborhood-posts,POST,COMMUNITY,member,api_route,Y,DENY,DENY,DENY,DENY,central:assertVerified|isProductWriteDenied,central:proxy.enforceApiMemberMutationPolicy(PRODUCT_WRITE),,app/api/community/neighborhood-posts/route.ts,Y
/api/community/posts/[postId]/comments/[commentId]/like,POST,COMMUNITY,member,api_route,Y,DENY,DENY,DENY,DENY,none|route-local-auth-only,central:proxy.enforceApiMemberMutationPolicy(PRODUCT_WRITE),,app/api/community/posts/[postId]/comments/[commentId]/like/route.ts,N
/api/community/posts/[postId]/comments/[commentId],DELETE,COMMUNITY,member,api_route,Y,DENY,DENY,DENY,DENY,none|route-local-auth-only,central:proxy.enforceApiMemberMutationPolicy(PRODUCT_WRITE),,app/api/community/posts/[postId]/comments/[commentId]/route.ts,N
/api/community/posts/[postId]/comments/[commentId],PATCH,COMMUNITY,member,api_route,Y,DENY,DENY,DENY,DENY,none|route-local-auth-only,central:proxy.enforceApiMemberMutationPolicy(PRODUCT_WRITE),,app/api/community/posts/[postId]/comments/[commentId]/route.ts,N
/api/community/posts/[postId]/comments,POST,COMMUNITY,member,api_route,Y,DENY,DENY,DENY,DENY,none|route-local-auth-only,central:proxy.enforceApiMemberMutationPolicy(PRODUCT_WRITE),,app/api/community/posts/[postId]/comments/route.ts,N
/api/community/posts/[postId]/hide,POST,COMMUNITY,member,api_route,Y,DENY,DENY,DENY,DENY,none|route-local-auth-only,central:proxy.enforceApiMemberMutationPolicy(PRODUCT_WRITE),,app/api/community/posts/[postId]/hide/route.ts,N
/api/community/posts/[postId]/like,POST,COMMUNITY,member,api_route,Y,DENY,DENY,DENY,DENY,none|route-local-auth-only,central:proxy.enforceApiMemberMutationPolicy(PRODUCT_WRITE),,app/api/community/posts/[postId]/like/route.ts,N
/api/community/posts/[postId]/save,POST,COMMUNITY,member,api_route,Y,DENY,DENY,DENY,DENY,none|route-local-auth-only,central:proxy.enforceApiMemberMutationPolicy(PRODUCT_WRITE),,app/api/community/posts/[postId]/save/route.ts,N
/api/community/posts/[postId]/share/internal,POST,COMMUNITY,member,api_route,Y,DENY,DENY,DENY,DENY,none|route-local-auth-only,central:proxy.enforceApiMemberMutationPolicy(PRODUCT_WRITE),,app/api/community/posts/[postId]/share/internal/route.ts,N
/api/community/posts/[postId]/view,POST,COMMUNITY,member,api_route,Y,DENY,DENY,DENY,DENY,none|route-local-auth-only,central:proxy.enforceApiMemberMutationPolicy(PRODUCT_WRITE),,app/api/community/posts/[postId]/view/route.ts,N
/api/community/posts,POST,COMMUNITY,member,api_route,Y,DENY,DENY,DENY,DENY,central:assertVerified|isProductWriteDenied,central:proxy.enforceApiMemberMutationPolicy(PRODUCT_WRITE),,app/api/community/posts/route.ts,Y
/api/community/reports,POST,COMMUNITY,member,api_route,Y,DENY,DENY,DENY,DENY,none|route-local-auth-only,central:proxy.enforceApiMemberMutationPolicy(PRODUCT_WRITE),,app/api/community/reports/route.ts,N
/api/community/upload-image,POST,COMMUNITY,member,api_route,Y,DENY,DENY,DENY,DENY,none|route-local-auth-only,central:proxy.enforceApiMemberMutationPolicy(PRODUCT_WRITE),,app/api/community/upload-image/route.ts,N
/api/community/upload-image-from-url,POST,COMMUNITY,member,api_route,Y,DENY,DENY,DENY,DENY,none|route-local-auth-only,central:proxy.enforceApiMemberMutationPolicy(PRODUCT_WRITE),,app/api/community/upload-image-from-url/route.ts,N
/api/community-messenger/bridge/product-chat,POST,MESSENGER,member,api_route,Y,DENY,DENY,DENY,DENY,none|route-local-auth-only,central:proxy.enforceApiMemberMutationPolicy(PRODUCT_WRITE),,app/api/community-messenger/bridge/product-chat/route.ts,N
/api/community-messenger/calls/[sessionId]/accept,POST,MESSENGER,member,api_route,Y,DENY,DENY,DENY,DENY,none|route-local-auth-only,central:proxy.enforceApiMemberMutationPolicy(PRODUCT_WRITE),,app/api/community-messenger/calls/[sessionId]/accept/route.ts,N
/api/community-messenger/calls/[sessionId]/end,POST,MESSENGER,member,api_route,Y,DENY,DENY,DENY,DENY,none|route-local-auth-only,central:proxy.enforceApiMemberMutationPolicy(PRODUCT_WRITE),,app/api/community-messenger/calls/[sessionId]/end/route.ts,N
/api/community-messenger/calls/[sessionId]/missed,POST,MESSENGER,member,api_route,Y,DENY,DENY,DENY,DENY,none|route-local-auth-only,central:proxy.enforceApiMemberMutationPolicy(PRODUCT_WRITE),,app/api/community-messenger/calls/[sessionId]/missed/route.ts,N
/api/community-messenger/calls/[sessionId]/push-ack,POST,MESSENGER,member,api_route,Y,DENY,DENY,DENY,DENY,none|route-local-auth-only,central:proxy.enforceApiMemberMutationPolicy(PRODUCT_WRITE),,app/api/community-messenger/calls/[sessionId]/push-ack/route.ts,N
/api/community-messenger/calls/[sessionId]/reject,POST,MESSENGER,member,api_route,Y,DENY,DENY,DENY,DENY,none|route-local-auth-only,central:proxy.enforceApiMemberMutationPolicy(PRODUCT_WRITE),,app/api/community-messenger/calls/[sessionId]/reject/route.ts,N
/api/community-messenger/calls/logs/[callLogId],DELETE,MESSENGER,member,api_route,Y,DENY,DENY,DENY,DENY,none|route-local-auth-only,central:proxy.enforceApiMemberMutationPolicy(PRODUCT_WRITE),,app/api/community-messenger/calls/logs/[callLogId]/route.ts,N
/api/community-messenger/calls,POST,MESSENGER,member,api_route,Y,DENY,DENY,DENY,DENY,none|route-local-auth-only,central:proxy.enforceApiMemberMutationPolicy(PRODUCT_WRITE),,app/api/community-messenger/calls/route.ts,N
/api/community-messenger/calls/sessions/[sessionId],PATCH,MESSENGER,member,api_route,Y,DENY,DENY,DENY,DENY,none|route-local-auth-only,central:proxy.enforceApiMemberMutationPolicy(PRODUCT_WRITE),,app/api/community-messenger/calls/sessions/[sessionId]/route.ts,N
/api/community-messenger/calls/sessions/[sessionId]/signals,POST,MESSENGER,member,api_route,Y,DENY,DENY,DENY,DENY,none|route-local-auth-only,central:proxy.enforceApiMemberMutationPolicy(PRODUCT_WRITE),,app/api/community-messenger/calls/sessions/[sessionId]/signals/route.ts,N
/api/community-messenger/calls/sessions/stale-cleanup,POST,MESSENGER,member,api_route,Y,DENY,DENY,DENY,DENY,none|route-local-auth-only,central:proxy.enforceApiMemberMutationPolicy(PRODUCT_WRITE),,app/api/community-messenger/calls/sessions/stale-cleanup/route.ts,N
/api/community-messenger/calls/stub-message,POST,MESSENGER,member,api_route,Y,DENY,DENY,DENY,DENY,none|route-local-auth-only,central:proxy.enforceApiMemberMutationPolicy(PRODUCT_WRITE),,app/api/community-messenger/calls/stub-message/route.ts,N
/api/community-messenger/direct/start,POST,MESSENGER,member,api_route,Y,DENY,DENY,DENY,DENY,none|route-local-auth-only,central:proxy.enforceApiMemberMutationPolicy(PRODUCT_WRITE),,app/api/community-messenger/direct/start/route.ts,N
/api/community-messenger/friend-requests/[requestId],DELETE,MESSENGER,member,api_route,Y,DENY,DENY,DENY,DENY,none|route-local-auth-only,central:proxy.enforceApiMemberMutationPolicy(PRODUCT_WRITE),,app/api/community-messenger/friend-requests/[requestId]/route.ts,N
/api/community-messenger/friend-requests/[requestId],PATCH,MESSENGER,member,api_route,Y,DENY,DENY,DENY,DENY,none|route-local-auth-only,central:proxy.enforceApiMemberMutationPolicy(PRODUCT_WRITE),,app/api/community-messenger/friend-requests/[requestId]/route.ts,N
/api/community-messenger/friend-requests/cancel-outgoing,POST,MESSENGER,member,api_route,Y,DENY,DENY,DENY,DENY,none|route-local-auth-only,central:proxy.enforceApiMemberMutationPolicy(PRODUCT_WRITE),,app/api/community-messenger/friend-requests/cancel-outgoing/route.ts,N
/api/community-messenger/friend-requests/respond-incoming,POST,MESSENGER,member,api_route,Y,DENY,DENY,DENY,DENY,none|route-local-auth-only,central:proxy.enforceApiMemberMutationPolicy(PRODUCT_WRITE),,app/api/community-messenger/friend-requests/respond-incoming/route.ts,N
/api/community-messenger/friend-requests,POST,MESSENGER,member,api_route,Y,DENY,DENY,DENY,DENY,none|route-local-auth-only,central:proxy.enforceApiMemberMutationPolicy(PRODUCT_WRITE),,app/api/community-messenger/friend-requests/route.ts,N
/api/community-messenger/friends/[friendUserId]/favorite,POST,MESSENGER,member,api_route,Y,DENY,DENY,DENY,DENY,none|route-local-auth-only,central:proxy.enforceApiMemberMutationPolicy(PRODUCT_WRITE),,app/api/community-messenger/friends/[friendUserId]/favorite/route.ts,N
/api/community-messenger/friends/[friendUserId]/hidden,POST,MESSENGER,member,api_route,Y,DENY,DENY,DENY,DENY,none|route-local-auth-only,central:proxy.enforceApiMemberMutationPolicy(PRODUCT_WRITE),,app/api/community-messenger/friends/[friendUserId]/hidden/route.ts,N
/api/community-messenger/friends/[friendUserId],DELETE,MESSENGER,member,api_route,Y,DENY,DENY,DENY,DENY,none|route-local-auth-only,central:proxy.enforceApiMemberMutationPolicy(PRODUCT_WRITE),,app/api/community-messenger/friends/[friendUserId]/route.ts,N
/api/community-messenger/group-rooms/[roomId]/bans,DELETE,MESSENGER,member,api_route,Y,DENY,DENY,DENY,DENY,none|route-local-auth-only,central:proxy.enforceApiMemberMutationPolicy(PRODUCT_WRITE),,app/api/community-messenger/group-rooms/[roomId]/bans/route.ts,N
/api/community-messenger/group-rooms/[roomId]/bans,POST,MESSENGER,member,api_route,Y,DENY,DENY,DENY,DENY,none|route-local-auth-only,central:proxy.enforceApiMemberMutationPolicy(PRODUCT_WRITE),,app/api/community-messenger/group-rooms/[roomId]/bans/route.ts,N
/api/community-messenger/group-rooms/[roomId]/invite-link,DELETE,MESSENGER,member,api_route,Y,DENY,DENY,DENY,DENY,none|route-local-auth-only,central:proxy.enforceApiMemberMutationPolicy(PRODUCT_WRITE),,app/api/community-messenger/group-rooms/[roomId]/invite-link/route.ts,N
/api/community-messenger/group-rooms/[roomId]/invite-links/[linkId],DELETE,MESSENGER,member,api_route,Y,DENY,DENY,DENY,DENY,none|route-local-auth-only,central:proxy.enforceApiMemberMutationPolicy(PRODUCT_WRITE),,app/api/community-messenger/group-rooms/[roomId]/invite-links/[linkId]/route.ts,N
/api/community-messenger/group-rooms/[roomId]/invite-links/[linkId],PATCH,MESSENGER,member,api_route,Y,DENY,DENY,DENY,DENY,none|route-local-auth-only,central:proxy.enforceApiMemberMutationPolicy(PRODUCT_WRITE),,app/api/community-messenger/group-rooms/[roomId]/invite-links/[linkId]/route.ts,N
/api/community-messenger/group-rooms/[roomId]/invite-links,POST,MESSENGER,member,api_route,Y,DENY,DENY,DENY,DENY,none|route-local-auth-only,central:proxy.enforceApiMemberMutationPolicy(PRODUCT_WRITE),,app/api/community-messenger/group-rooms/[roomId]/invite-links/route.ts,N
/api/community-messenger/group-rooms/[roomId]/join-requests,POST,MESSENGER,member,api_route,Y,DENY,DENY,DENY,DENY,none|route-local-auth-only,central:proxy.enforceApiMemberMutationPolicy(PRODUCT_WRITE),,app/api/community-messenger/group-rooms/[roomId]/join-requests/route.ts,N
/api/community-messenger/group-rooms/[roomId]/media,POST,MESSENGER,member,api_route,Y,DENY,DENY,DENY,DENY,none|route-local-auth-only,central:proxy.enforceApiMemberMutationPolicy(PRODUCT_WRITE),,app/api/community-messenger/group-rooms/[roomId]/media/route.ts,N
/api/community-messenger/group-rooms/[roomId]/messages,POST,MESSENGER,member,api_route,Y,DENY,DENY,DENY,DENY,none|route-local-auth-only,central:proxy.enforceApiMemberMutationPolicy(PRODUCT_WRITE),,app/api/community-messenger/group-rooms/[roomId]/messages/route.ts,N
/api/community-messenger/group-rooms/[roomId]/participants,DELETE,MESSENGER,member,api_route,Y,DENY,DENY,DENY,DENY,none|route-local-auth-only,central:proxy.enforceApiMemberMutationPolicy(PRODUCT_WRITE),,app/api/community-messenger/group-rooms/[roomId]/participants/route.ts,N
/api/community-messenger/group-rooms/[roomId]/participants,POST,MESSENGER,member,api_route,Y,DENY,DENY,DENY,DENY,none|route-local-auth-only,central:proxy.enforceApiMemberMutationPolicy(PRODUCT_WRITE),,app/api/community-messenger/group-rooms/[roomId]/participants/route.ts,N
/api/community-messenger/group-rooms/[roomId]/pinned-message,PATCH,MESSENGER,member,api_route,Y,DENY,DENY,DENY,DENY,none|route-local-auth-only,central:proxy.enforceApiMemberMutationPolicy(PRODUCT_WRITE),,app/api/community-messenger/group-rooms/[roomId]/pinned-message/route.ts,N
/api/community-messenger/group-rooms/[roomId]/profile,PATCH,MESSENGER,member,api_route,Y,DENY,DENY,DENY,DENY,none|route-local-auth-only,central:proxy.enforceApiMemberMutationPolicy(PRODUCT_WRITE),,app/api/community-messenger/group-rooms/[roomId]/profile/route.ts,N
/api/community-messenger/group-rooms/[roomId]/regenerate-link,POST,MESSENGER,member,api_route,Y,DENY,DENY,DENY,DENY,none|route-local-auth-only,central:proxy.enforceApiMemberMutationPolicy(PRODUCT_WRITE),,app/api/community-messenger/group-rooms/[roomId]/regenerate-link/route.ts,N
/api/community-messenger/group-rooms/[roomId]/roles,PATCH,MESSENGER,member,api_route,Y,DENY,DENY,DENY,DENY,none|route-local-auth-only,central:proxy.enforceApiMemberMutationPolicy(PRODUCT_WRITE),,app/api/community-messenger/group-rooms/[roomId]/roles/route.ts,N
/api/community-messenger/group-rooms/[roomId],DELETE,MESSENGER,member,api_route,Y,DENY,DENY,DENY,DENY,none|route-local-auth-only,central:proxy.enforceApiMemberMutationPolicy(PRODUCT_WRITE),,app/api/community-messenger/group-rooms/[roomId]/route.ts,N
/api/community-messenger/group-rooms/[roomId]/settings,PATCH,MESSENGER,member,api_route,Y,DENY,DENY,DENY,DENY,none|route-local-auth-only,central:proxy.enforceApiMemberMutationPolicy(PRODUCT_WRITE),,app/api/community-messenger/group-rooms/[roomId]/settings/route.ts,N
/api/community-messenger/group-rooms/join,POST,MESSENGER,member,api_route,Y,DENY,DENY,DENY,DENY,none|route-local-auth-only,central:proxy.enforceApiMemberMutationPolicy(PRODUCT_WRITE),,app/api/community-messenger/group-rooms/join/route.ts,N
/api/community-messenger/group-rooms/join-request,POST,MESSENGER,member,api_route,Y,DENY,DENY,DENY,DENY,none|route-local-auth-only,central:proxy.enforceApiMemberMutationPolicy(PRODUCT_WRITE),,app/api/community-messenger/group-rooms/join-request/route.ts,N
/api/community-messenger/group-rooms,POST,MESSENGER,member,api_route,Y,DENY,DENY,DENY,DENY,none|route-local-auth-only,central:proxy.enforceApiMemberMutationPolicy(PRODUCT_WRITE),,app/api/community-messenger/group-rooms/route.ts,N
/api/community-messenger/groups/create,POST,MESSENGER,member,api_route,Y,DENY,DENY,DENY,DENY,none|route-local-auth-only,central:proxy.enforceApiMemberMutationPolicy(PRODUCT_WRITE),,app/api/community-messenger/groups/create/route.ts,N
/api/community-messenger/monitoring/events,POST,MESSENGER,member,api_route,Y,DENY,DENY,DENY,DENY,none|route-local-auth-only,central:proxy.enforceApiMemberMutationPolicy(PRODUCT_WRITE),,app/api/community-messenger/monitoring/events/route.ts,N
/api/community-messenger/open-groups/[roomId]/join,POST,MESSENGER,member,api_route,Y,DENY,DENY,DENY,DENY,none|route-local-auth-only,central:proxy.enforceApiMemberMutationPolicy(PRODUCT_WRITE),,app/api/community-messenger/open-groups/[roomId]/join/route.ts,N
/api/community-messenger/peer-notices/dismiss,POST,MESSENGER,member,api_route,Y,DENY,DENY,DENY,DENY,none|route-local-auth-only,central:proxy.enforceApiMemberMutationPolicy(PRODUCT_WRITE),,app/api/community-messenger/peer-notices/dismiss/route.ts,N
/api/community-messenger/presence,POST,MESSENGER,member,api_route,Y,DENY,DENY,DENY,DENY,none|route-local-auth-only,central:proxy.enforceApiMemberMutationPolicy(PRODUCT_WRITE),,app/api/community-messenger/presence/route.ts,N
/api/community-messenger/relations/block,DELETE,MESSENGER,member,api_route,Y,DENY,DENY,DENY,DENY,none|route-local-auth-only,central:proxy.enforceApiMemberMutationPolicy(PRODUCT_WRITE),,app/api/community-messenger/relations/block/route.ts,N
/api/community-messenger/relations/block,POST,MESSENGER,member,api_route,Y,DENY,DENY,DENY,DENY,none|route-local-auth-only,central:proxy.enforceApiMemberMutationPolicy(PRODUCT_WRITE),,app/api/community-messenger/relations/block/route.ts,N
/api/community-messenger/relations/friend,DELETE,MESSENGER,member,api_route,Y,DENY,DENY,DENY,DENY,none|route-local-auth-only,central:proxy.enforceApiMemberMutationPolicy(PRODUCT_WRITE),,app/api/community-messenger/relations/friend/route.ts,N
/api/community-messenger/relations/friend,POST,MESSENGER,member,api_route,Y,DENY,DENY,DENY,DENY,none|route-local-auth-only,central:proxy.enforceApiMemberMutationPolicy(PRODUCT_WRITE),,app/api/community-messenger/relations/friend/route.ts,N
/api/community-messenger/reports,POST,MESSENGER,member,api_route,Y,DENY,DENY,DENY,DENY,none|route-local-auth-only,central:proxy.enforceApiMemberMutationPolicy(PRODUCT_WRITE),,app/api/community-messenger/reports/route.ts,N
/api/community-messenger/rooms/[roomId]/calls,POST,MESSENGER,member,api_route,Y,DENY,DENY,DENY,DENY,none|route-local-auth-only,central:proxy.enforceApiMemberMutationPolicy(PRODUCT_WRITE),,app/api/community-messenger/rooms/[roomId]/calls/route.ts,N
/api/community-messenger/rooms/[roomId]/files,POST,MESSENGER,member,api_route,Y,DENY,DENY,DENY,DENY,none|route-local-auth-only,central:proxy.enforceApiMemberMutationPolicy(PRODUCT_WRITE),,app/api/community-messenger/rooms/[roomId]/files/route.ts,N
/api/community-messenger/rooms/[roomId]/images,POST,MESSENGER,member,api_route,Y,DENY,DENY,DENY,DENY,none|route-local-auth-only,central:proxy.enforceApiMemberMutationPolicy(PRODUCT_WRITE),,app/api/community-messenger/rooms/[roomId]/images/route.ts,N
/api/community-messenger/rooms/[roomId]/leave,POST,MESSENGER,member,api_route,Y,DENY,DENY,DENY,DENY,none|route-local-auth-only,central:proxy.enforceApiMemberMutationPolicy(PRODUCT_WRITE),,app/api/community-messenger/rooms/[roomId]/leave/route.ts,N
/api/community-messenger/rooms/[roomId]/meeting-ensure-participant,POST,MESSENGER,member,api_route,Y,DENY,DENY,DENY,DENY,none|route-local-auth-only,central:proxy.enforceApiMemberMutationPolicy(PRODUCT_WRITE),,app/api/community-messenger/rooms/[roomId]/meeting-ensure-participant/route.ts,N
/api/community-messenger/rooms/[roomId]/messages/[messageId]/reactions,POST,MESSENGER,member,api_route,Y,DENY,DENY,DENY,DENY,none|route-local-auth-only,central:proxy.enforceApiMemberMutationPolicy(PRODUCT_WRITE),,app/api/community-messenger/rooms/[roomId]/messages/[messageId]/reactions/route.ts,N
/api/community-messenger/rooms/[roomId]/messages/[messageId],DELETE,MESSENGER,member,api_route,Y,DENY,DENY,DENY,DENY,none|route-local-auth-only,central:proxy.enforceApiMemberMutationPolicy(PRODUCT_WRITE),,app/api/community-messenger/rooms/[roomId]/messages/[messageId]/route.ts,N
/api/community-messenger/rooms/[roomId]/messages/[messageId],PATCH,MESSENGER,member,api_route,Y,DENY,DENY,DENY,DENY,none|route-local-auth-only,central:proxy.enforceApiMemberMutationPolicy(PRODUCT_WRITE),,app/api/community-messenger/rooms/[roomId]/messages/[messageId]/route.ts,N
/api/community-messenger/rooms/[roomId]/messages,POST,MESSENGER,member,api_route,Y,DENY,DENY,DENY,DENY,central:assertVerified|isProductWriteDenied,central:proxy.enforceApiMemberMutationPolicy(PRODUCT_WRITE),,app/api/community-messenger/rooms/[roomId]/messages/route.ts,Y
/api/community-messenger/rooms/[roomId]/messages/sticker,POST,MESSENGER,member,api_route,Y,DENY,DENY,DENY,DENY,none|route-local-auth-only,central:proxy.enforceApiMemberMutationPolicy(PRODUCT_WRITE),,app/api/community-messenger/rooms/[roomId]/messages/sticker/route.ts,N
/api/community-messenger/rooms/[roomId],PATCH,MESSENGER,member,api_route,Y,DENY,DENY,DENY,DENY,none|route-local-auth-only,central:proxy.enforceApiMemberMutationPolicy(PRODUCT_WRITE),,app/api/community-messenger/rooms/[roomId]/route.ts,N
/api/community-messenger/rooms/[roomId]/settings,PATCH,MESSENGER,member,api_route,Y,DENY,DENY,DENY,DENY,none|route-local-auth-only,central:proxy.enforceApiMemberMutationPolicy(PRODUCT_WRITE),,app/api/community-messenger/rooms/[roomId]/settings/route.ts,N
/api/community-messenger/rooms/[roomId]/voice,POST,MESSENGER,member,api_route,Y,DENY,DENY,DENY,DENY,none|route-local-auth-only,central:proxy.enforceApiMemberMutationPolicy(PRODUCT_WRITE),,app/api/community-messenger/rooms/[roomId]/voice/route.ts,N
/api/community-messenger/rooms,POST,MESSENGER,member,api_route,Y,DENY,DENY,DENY,DENY,none|route-local-auth-only,central:proxy.enforceApiMemberMutationPolicy(PRODUCT_WRITE),,app/api/community-messenger/rooms/route.ts,N
/api/community-messenger/trade-chat-list-meta,POST,MESSENGER,member,api_route,Y,DENY,DENY,DENY,DENY,none|route-local-auth-only,central:proxy.enforceApiMemberMutationPolicy(PRODUCT_WRITE),,app/api/community-messenger/trade-chat-list-meta/route.ts,N
/api/cron/commerce-notification-push-handoff,POST,OTHER,system/public,api_route,N,N/A,N/A,N/A,NON_MEMBER,none|route-local-auth-only,NONE(NON_MEMBER),cron/webhook/admin/system/public side-effect — not member lifecycle gate,app/api/cron/commerce-notification-push-handoff/route.ts,N
/api/cron/delivery-ads-schedule-transitions,POST,DELIVERY_ORDER,system/public,api_route,N,N/A,N/A,N/A,NON_MEMBER,none|route-local-auth-only,NONE(NON_MEMBER),cron/webhook/admin/system/public side-effect — not member lifecycle gate,app/api/cron/delivery-ads-schedule-transitions/route.ts,N
/api/cron/notification-campaigns-dispatch-scheduled,POST,OTHER,system/public,api_route,N,N/A,N/A,N/A,NON_MEMBER,none|route-local-auth-only,NONE(NON_MEMBER),cron/webhook/admin/system/public side-effect — not member lifecycle gate,app/api/cron/notification-campaigns-dispatch-scheduled/route.ts,N
/api/cron/store-order-accept-reminders,POST,OTHER,system/public,api_route,N,N/A,N/A,N/A,NON_MEMBER,none|route-local-auth-only,NONE(NON_MEMBER),cron/webhook/admin/system/public side-effect — not member lifecycle gate,app/api/cron/store-order-accept-reminders/route.ts,N
/api/cron/store-orders-auto-complete,POST,DELIVERY_ORDER,system/public,api_route,N,N/A,N/A,N/A,NON_MEMBER,none|route-local-auth-only,NONE(NON_MEMBER),cron/webhook/admin/system/public side-effect — not member lifecycle gate,app/api/cron/store-orders-auto-complete/route.ts,N
/api/cron/stores-discovery-coverage-rebuild,POST,STORE,system/public,api_route,N,N/A,N/A,N/A,NON_MEMBER,none|route-local-auth-only,NONE(NON_MEMBER),cron/webhook/admin/system/public side-effect — not member lifecycle gate,app/api/cron/stores-discovery-coverage-rebuild/route.ts,N
/api/cron/stores-discovery-popularity-expire,POST,STORE,system/public,api_route,N,N/A,N/A,N/A,NON_MEMBER,none|route-local-auth-only,NONE(NON_MEMBER),cron/webhook/admin/system/public side-effect — not member lifecycle gate,app/api/cron/stores-discovery-popularity-expire/route.ts,N
/api/cron/stores-discovery-schedule-transitions,POST,STORE,system/public,api_route,N,N/A,N/A,N/A,NON_MEMBER,none|route-local-auth-only,NONE(NON_MEMBER),cron/webhook/admin/system/public side-effect — not member lifecycle gate,app/api/cron/stores-discovery-schedule-transitions/route.ts,N
/api/domains/order/read-order-chat,POST,OTHER,member,api_route,Y,DENY,DENY,DENY,DENY,none|route-local-auth-only,central:proxy.enforceApiMemberMutationPolicy(PRODUCT_WRITE),,app/api/domains/order/read-order-chat/route.ts,N
/api/favorites/toggle,POST,OTHER,member,api_route,Y,DENY,DENY,DENY,DENY,none|route-local-auth-only,central:proxy.enforceApiMemberMutationPolicy(PRODUCT_WRITE),,app/api/favorites/toggle/route.ts,N
/api/group-chat/rooms/[roomId]/join,POST,OTHER,member,api_route,Y,DENY,DENY,DENY,DENY,none|route-local-auth-only,central:proxy.enforceApiMemberMutationPolicy(PRODUCT_WRITE),,app/api/group-chat/rooms/[roomId]/join/route.ts,N
/api/group-chat/rooms/[roomId]/messages,POST,OTHER,member,api_route,Y,DENY,DENY,DENY,DENY,none|route-local-auth-only,central:proxy.enforceApiMemberMutationPolicy(PRODUCT_WRITE),,app/api/group-chat/rooms/[roomId]/messages/route.ts,N
/api/group-chat/rooms/[roomId]/read,POST,OTHER,member,api_route,Y,DENY,DENY,DENY,DENY,none|route-local-auth-only,central:proxy.enforceApiMemberMutationPolicy(PRODUCT_WRITE),,app/api/group-chat/rooms/[roomId]/read/route.ts,N
/api/group-chat/rooms,POST,OTHER,member,api_route,Y,DENY,DENY,DENY,DENY,none|route-local-auth-only,central:proxy.enforceApiMemberMutationPolicy(PRODUCT_WRITE),,app/api/group-chat/rooms/route.ts,N
/api/me/addresses/[id]/mark-used,POST,ACCOUNT_SOCIAL,member,api_route,Y,DENY,DENY,DENY,DENY,none|route-local-auth-only,central:proxy.enforceApiMemberMutationPolicy(PRODUCT_WRITE),,app/api/me/addresses/[id]/mark-used/route.ts,N
/api/me/addresses/[id],DELETE,ACCOUNT_SOCIAL,member,api_route,Y,DENY,DENY,DENY,DENY,none|route-local-auth-only,central:proxy.enforceApiMemberMutationPolicy(PRODUCT_WRITE),,app/api/me/addresses/[id]/route.ts,N
/api/me/addresses/[id],PATCH,ACCOUNT_SOCIAL,member,api_route,Y,DENY,DENY,DENY,DENY,none|route-local-auth-only,central:proxy.enforceApiMemberMutationPolicy(PRODUCT_WRITE),,app/api/me/addresses/[id]/route.ts,N
/api/me/addresses/[id]/set-default,POST,ACCOUNT_SOCIAL,member,api_route,Y,DENY,DENY,DENY,DENY,none|route-local-auth-only,central:proxy.enforceApiMemberMutationPolicy(PRODUCT_WRITE),,app/api/me/addresses/[id]/set-default/route.ts,N
/api/me/addresses,POST,ACCOUNT_SOCIAL,member,api_route,Y,DENY,DENY,DENY,DENY,none|route-local-auth-only,central:proxy.enforceApiMemberMutationPolicy(PRODUCT_WRITE),,app/api/me/addresses/route.ts,N
/api/me/admin-notes/[threadId],DELETE,ACCOUNT_SOCIAL,member,api_route,Y,DENY,DENY,DENY,DENY,none|route-local-auth-only,central:proxy.enforceApiMemberMutationPolicy(PRODUCT_WRITE),,app/api/me/admin-notes/[threadId]/route.ts,N
/api/me/admin-notes/[threadId],PATCH,ACCOUNT_SOCIAL,member,api_route,Y,DENY,DENY,DENY,DENY,none|route-local-auth-only,central:proxy.enforceApiMemberMutationPolicy(PRODUCT_WRITE),,app/api/me/admin-notes/[threadId]/route.ts,N
/api/me/admin-notes/[threadId],POST,ACCOUNT_SOCIAL,member,api_route,Y,DENY,DENY,DENY,DENY,none|route-local-auth-only,central:proxy.enforceApiMemberMutationPolicy(PRODUCT_WRITE),,app/api/me/admin-notes/[threadId]/route.ts,N
/api/me/admin-notes,POST,ACCOUNT_SOCIAL,member,api_route,Y,DENY,DENY,DENY,DENY,none|route-local-auth-only,central:proxy.enforceApiMemberMutationPolicy(PRODUCT_WRITE),,app/api/me/admin-notes/route.ts,N
/api/me/auth-providers/[provider],DELETE,ACCOUNT_SOCIAL,member,api_route,Y,EXEMPT,EXEMPT,EXEMPT,EXEMPT,none|route-local-auth-only,central:EXEMPT(explicit),explicit MEMBER_MUTATION_EXEMPT_RULES,app/api/me/auth-providers/[provider]/route.ts,N
/api/me/chats/mark-all-read,POST,MESSENGER,member,api_route,Y,DENY,DENY,DENY,DENY,none|route-local-auth-only,central:proxy.enforceApiMemberMutationPolicy(PRODUCT_WRITE),,app/api/me/chats/mark-all-read/route.ts,N
/api/me/chats/mark-trade-read,POST,MESSENGER,member,api_route,Y,DENY,DENY,DENY,DENY,none|route-local-auth-only,central:proxy.enforceApiMemberMutationPolicy(PRODUCT_WRITE),,app/api/me/chats/mark-trade-read/route.ts,N
/api/me/delivery-ads/[campaignId]/funding,POST,DELIVERY_ORDER,member,api_route,Y,DENY,DENY,DENY,DENY,none|route-local-auth-only,central:proxy.enforceApiMemberMutationPolicy(PRODUCT_WRITE),,app/api/me/delivery-ads/[campaignId]/funding/route.ts,N
/api/me/delivery-ads/partner,POST,DELIVERY_ORDER,member,api_route,Y,DENY,DENY,DENY,DENY,none|route-local-auth-only,central:proxy.enforceApiMemberMutationPolicy(PRODUCT_WRITE),,app/api/me/delivery-ads/partner/route.ts,N
/api/me/devices/deactivate,POST,ACCOUNT_SOCIAL,member,api_route,Y,DENY,DENY,DENY,DENY,none|route-local-auth-only,central:proxy.enforceApiMemberMutationPolicy(PRODUCT_WRITE),,app/api/me/devices/deactivate/route.ts,N
/api/me/devices/register,POST,ACCOUNT_SOCIAL,member,api_route,Y,DENY,DENY,DENY,DENY,none|route-local-auth-only,central:proxy.enforceApiMemberMutationPolicy(PRODUCT_WRITE),,app/api/me/devices/register/route.ts,N
/api/me/dibay-id/assign-auto,POST,ACCOUNT_SOCIAL,member,api_route,Y,DENY,DENY,DENY,DENY,none|route-local-auth-only,central:proxy.enforceApiMemberMutationPolicy(PRODUCT_WRITE),,app/api/me/dibay-id/assign-auto/route.ts,N
/api/me/dibay-id/confirm,POST,ACCOUNT_SOCIAL,member,api_route,Y,DENY,DENY,DENY,DENY,none|route-local-auth-only,central:proxy.enforceApiMemberMutationPolicy(PRODUCT_WRITE),,app/api/me/dibay-id/confirm/route.ts,N
/api/me/dibay-id/reserve,POST,ACCOUNT_SOCIAL,member,api_route,Y,DENY,DENY,DENY,DENY,none|route-local-auth-only,central:proxy.enforceApiMemberMutationPolicy(PRODUCT_WRITE),,app/api/me/dibay-id/reserve/route.ts,N
/api/me/event-promotion-requests/[requestId],DELETE,ACCOUNT_SOCIAL,member,api_route,Y,DENY,DENY,DENY,DENY,none|route-local-auth-only,central:proxy.enforceApiMemberMutationPolicy(PRODUCT_WRITE),,app/api/me/event-promotion-requests/[requestId]/route.ts,N
/api/me/event-promotion-requests/[requestId],PATCH,ACCOUNT_SOCIAL,member,api_route,Y,DENY,DENY,DENY,DENY,none|route-local-auth-only,central:proxy.enforceApiMemberMutationPolicy(PRODUCT_WRITE),,app/api/me/event-promotion-requests/[requestId]/route.ts,N
/api/me/event-promotion-requests/[requestId]/submit,POST,ACCOUNT_SOCIAL,member,api_route,Y,DENY,DENY,DENY,DENY,none|route-local-auth-only,central:proxy.enforceApiMemberMutationPolicy(PRODUCT_WRITE),,app/api/me/event-promotion-requests/[requestId]/submit/route.ts,N
/api/me/event-promotion-requests/[requestId]/upload-image,POST,ACCOUNT_SOCIAL,member,api_route,Y,DENY,DENY,DENY,DENY,none|route-local-auth-only,central:proxy.enforceApiMemberMutationPolicy(PRODUCT_WRITE),,app/api/me/event-promotion-requests/[requestId]/upload-image/route.ts,N
/api/me/event-promotion-requests,POST,ACCOUNT_SOCIAL,member,api_route,Y,DENY,DENY,DENY,DENY,none|route-local-auth-only,central:proxy.enforceApiMemberMutationPolicy(PRODUCT_WRITE),,app/api/me/event-promotion-requests/route.ts,N
/api/me/feed-ad-campaigns/[id]/renew,POST,ACCOUNT_SOCIAL,member,api_route,Y,DENY,DENY,DENY,DENY,none|route-local-auth-only,central:proxy.enforceApiMemberMutationPolicy(PRODUCT_WRITE),,app/api/me/feed-ad-campaigns/[id]/renew/route.ts,N
/api/me/feed-ad-requests/[id],PATCH,ACCOUNT_SOCIAL,member,api_route,Y,DENY,DENY,DENY,DENY,none|route-local-auth-only,central:proxy.enforceApiMemberMutationPolicy(PRODUCT_WRITE),,app/api/me/feed-ad-requests/[id]/route.ts,N
/api/me/feed-ad-requests,POST,ACCOUNT_SOCIAL,member,api_route,Y,DENY,DENY,DENY,DENY,none|route-local-auth-only,central:proxy.enforceApiMemberMutationPolicy(PRODUCT_WRITE),,app/api/me/feed-ad-requests/route.ts,N
/api/me/feed-ad-requests/upload,POST,ACCOUNT_SOCIAL,member,api_route,Y,DENY,DENY,DENY,DENY,none|route-local-auth-only,central:proxy.enforceApiMemberMutationPolicy(PRODUCT_WRITE),,app/api/me/feed-ad-requests/upload/route.ts,N
/api/me/gift-certificates/purchase,POST,ACCOUNT_SOCIAL,member,api_route,Y,DENY,DENY,DENY,DENY,none|route-local-auth-only,central:proxy.enforceApiMemberMutationPolicy(PRODUCT_WRITE),,app/api/me/gift-certificates/purchase/route.ts,N
/api/me/gift-certificates/transfers/[transferId]/accept,POST,ACCOUNT_SOCIAL,member,api_route,Y,DENY,DENY,DENY,DENY,none|route-local-auth-only,central:proxy.enforceApiMemberMutationPolicy(PRODUCT_WRITE),,app/api/me/gift-certificates/transfers/[transferId]/accept/route.ts,N
/api/me/gift-certificates/transfers/[transferId]/cancel,POST,ACCOUNT_SOCIAL,member,api_route,Y,DENY,DENY,DENY,DENY,none|route-local-auth-only,central:proxy.enforceApiMemberMutationPolicy(PRODUCT_WRITE),,app/api/me/gift-certificates/transfers/[transferId]/cancel/route.ts,N
/api/me/gift-certificates/transfers/[transferId]/reject,POST,ACCOUNT_SOCIAL,member,api_route,Y,DENY,DENY,DENY,DENY,none|route-local-auth-only,central:proxy.enforceApiMemberMutationPolicy(PRODUCT_WRITE),,app/api/me/gift-certificates/transfers/[transferId]/reject/route.ts,N
/api/me/gift-certificates/transfers/offer,POST,ACCOUNT_SOCIAL,member,api_route,Y,DENY,DENY,DENY,DENY,none|route-local-auth-only,central:proxy.enforceApiMemberMutationPolicy(PRODUCT_WRITE),,app/api/me/gift-certificates/transfers/offer/route.ts,N
/api/me/gift-certificates/transfers/presentation,POST,ACCOUNT_SOCIAL,member,api_route,Y,DENY,DENY,DENY,DENY,none|route-local-auth-only,central:proxy.enforceApiMemberMutationPolicy(PRODUCT_WRITE),,app/api/me/gift-certificates/transfers/presentation/route.ts,N
/api/me/leave-request,POST,ACCOUNT_SOCIAL,member,api_route,Y,DENY,DENY,DENY,DENY,none|route-local-auth-only,central:proxy.enforceApiMemberMutationPolicy(PRODUCT_WRITE),,app/api/me/leave-request/route.ts,N
/api/me/legal-consent,PATCH,ACCOUNT_SOCIAL,member,api_route,Y,DENY,DENY,DENY,DENY,none|route-local-auth-only,central:proxy.enforceApiMemberMutationPolicy(PRODUCT_WRITE),,app/api/me/legal-consent/route.ts,N
/api/me/notification-settings,PATCH,ACCOUNT_SOCIAL,member,api_route,Y,DENY,DENY,DENY,DENY,none|route-local-auth-only,central:proxy.enforceApiMemberMutationPolicy(PRODUCT_WRITE),,app/api/me/notification-settings/route.ts,N
/api/me/notification-targets/clear,POST,ACCOUNT_SOCIAL,member,api_route,Y,DENY,DENY,DENY,DENY,none|route-local-auth-only,central:proxy.enforceApiMemberMutationPolicy(PRODUCT_WRITE),,app/api/me/notification-targets/clear/route.ts,N
/api/me/notifications/missed-call-read,POST,ACCOUNT_SOCIAL,member,api_route,Y,DENY,DENY,DENY,DENY,none|route-local-auth-only,central:proxy.enforceApiMemberMutationPolicy(PRODUCT_WRITE),,app/api/me/notifications/missed-call-read/route.ts,N
/api/me/notifications/read,POST,ACCOUNT_SOCIAL,member,api_route,Y,DENY,DENY,DENY,DENY,none|route-local-auth-only,central:proxy.enforceApiMemberMutationPolicy(PRODUCT_WRITE),,app/api/me/notifications/read/route.ts,N
/api/me/notifications/read-category,POST,ACCOUNT_SOCIAL,member,api_route,Y,DENY,DENY,DENY,DENY,none|route-local-auth-only,central:proxy.enforceApiMemberMutationPolicy(PRODUCT_WRITE),,app/api/me/notifications/read-category/route.ts,N
/api/me/notifications/read-thread,POST,ACCOUNT_SOCIAL,member,api_route,Y,DENY,DENY,DENY,DENY,none|route-local-auth-only,central:proxy.enforceApiMemberMutationPolicy(PRODUCT_WRITE),,app/api/me/notifications/read-thread/route.ts,N
/api/me/notifications/room-read,POST,ACCOUNT_SOCIAL,member,api_route,Y,DENY,DENY,DENY,DENY,none|route-local-auth-only,central:proxy.enforceApiMemberMutationPolicy(PRODUCT_WRITE),,app/api/me/notifications/room-read/route.ts,N
/api/me/notifications,PATCH,ACCOUNT_SOCIAL,member,api_route,Y,DENY,DENY,DENY,DENY,none|route-local-auth-only,central:proxy.enforceApiMemberMutationPolicy(PRODUCT_WRITE),,app/api/me/notifications/route.ts,N
/api/me/owner-notification-settings,PATCH,STORE,member,api_route,Y,DENY,DENY,DENY,DENY,none|route-local-auth-only,central:proxy.enforceApiMemberMutationPolicy(PRODUCT_WRITE),,app/api/me/owner-notification-settings/route.ts,N
/api/me/phone-verification/send,POST,ACCOUNT_SOCIAL,member,api_route,Y,DENY,DENY,DENY,DENY,none|route-local-auth-only,central:proxy.enforceApiMemberMutationPolicy(PRODUCT_WRITE),,app/api/me/phone-verification/send/route.ts,N
/api/me/phone-verification/verify,POST,ACCOUNT_SOCIAL,member,api_route,Y,DENY,DENY,DENY,DENY,none|route-local-auth-only,central:proxy.enforceApiMemberMutationPolicy(PRODUCT_WRITE),,app/api/me/phone-verification/verify/route.ts,N
/api/me/platform-popup-requests/[requestId]/creative,POST,ACCOUNT_SOCIAL,member,api_route,Y,DENY,DENY,DENY,DENY,none|route-local-auth-only,central:proxy.enforceApiMemberMutationPolicy(PRODUCT_WRITE),,app/api/me/platform-popup-requests/[requestId]/creative/route.ts,N
/api/me/platform-popup-requests/[requestId],PATCH,ACCOUNT_SOCIAL,member,api_route,Y,DENY,DENY,DENY,DENY,none|route-local-auth-only,central:proxy.enforceApiMemberMutationPolicy(PRODUCT_WRITE),,app/api/me/platform-popup-requests/[requestId]/route.ts,N
/api/me/platform-popup-requests/[requestId]/submit,POST,ACCOUNT_SOCIAL,member,api_route,Y,DENY,DENY,DENY,DENY,none|route-local-auth-only,central:proxy.enforceApiMemberMutationPolicy(PRODUCT_WRITE),,app/api/me/platform-popup-requests/[requestId]/submit/route.ts,N
/api/me/platform-popup-requests,POST,ACCOUNT_SOCIAL,member,api_route,Y,DENY,DENY,DENY,DENY,none|route-local-auth-only,central:proxy.enforceApiMemberMutationPolicy(PRODUCT_WRITE),,app/api/me/platform-popup-requests/route.ts,N
/api/me/points/charge/[id]/cancel,POST,ACCOUNT_SOCIAL,member,api_route,Y,DENY,DENY,DENY,DENY,none|route-local-auth-only,central:proxy.enforceApiMemberMutationPolicy(PRODUCT_WRITE),,app/api/me/points/charge/[id]/cancel/route.ts,N
/api/me/points/charge,POST,ACCOUNT_SOCIAL,member,api_route,Y,DENY,DENY,DENY,DENY,none|route-local-auth-only,central:proxy.enforceApiMemberMutationPolicy(PRODUCT_WRITE),,app/api/me/points/charge/route.ts,N
/api/me/points/promotion-orders/[id],PATCH,ACCOUNT_SOCIAL,member,api_route,Y,DENY,DENY,DENY,DENY,none|route-local-auth-only,central:proxy.enforceApiMemberMutationPolicy(PRODUCT_WRITE),,app/api/me/points/promotion-orders/[id]/route.ts,N
/api/me/points/promotion-orders,POST,ACCOUNT_SOCIAL,member,api_route,Y,DENY,DENY,DENY,DENY,none|route-local-auth-only,central:proxy.enforceApiMemberMutationPolicy(PRODUCT_WRITE),,app/api/me/points/promotion-orders/route.ts,N
/api/me/post-ads/[adId]/cancel,POST,ACCOUNT_SOCIAL,member,api_route,Y,DENY,DENY,DENY,DENY,none|route-local-auth-only,central:proxy.enforceApiMemberMutationPolicy(PRODUCT_WRITE),,app/api/me/post-ads/[adId]/cancel/route.ts,N
/api/me/posts/bulk-region,POST,ACCOUNT_SOCIAL,member,api_route,Y,DENY,DENY,DENY,DENY,none|route-local-auth-only,central:proxy.enforceApiMemberMutationPolicy(PRODUCT_WRITE),,app/api/me/posts/bulk-region/route.ts,N
/api/me/profile/avatar,POST,ACCOUNT_SOCIAL,member,api_route,Y,DENY,DENY,DENY,DENY,none|route-local-auth-only,central:proxy.enforceApiMemberMutationPolicy(PRODUCT_WRITE),,app/api/me/profile/avatar/route.ts,N
/api/me/profile/notification-email,PATCH,ACCOUNT_SOCIAL,member,api_route,Y,DENY,DENY,DENY,DENY,none|route-local-auth-only,central:proxy.enforceApiMemberMutationPolicy(PRODUCT_WRITE),,app/api/me/profile/notification-email/route.ts,N
/api/me/profile,PATCH,ACCOUNT_SOCIAL,member,api_route,Y,DENY,DENY,DENY,DENY,none|route-local-auth-only,central:proxy.enforceApiMemberMutationPolicy(PRODUCT_WRITE),,app/api/me/profile/route.ts,N
/api/me/push/subscribe,POST,ACCOUNT_SOCIAL,member,api_route,Y,DENY,DENY,DENY,DENY,none|route-local-auth-only,central:proxy.enforceApiMemberMutationPolicy(PRODUCT_WRITE),,app/api/me/push/subscribe/route.ts,N
/api/me/push/unsubscribe,DELETE,ACCOUNT_SOCIAL,member,api_route,Y,DENY,DENY,DENY,DENY,none|route-local-auth-only,central:proxy.enforceApiMemberMutationPolicy(PRODUCT_WRITE),,app/api/me/push/unsubscribe/route.ts,N
/api/me/relations/[type],DELETE,ACCOUNT_SOCIAL,member,api_route,Y,DENY,DENY,DENY,DENY,none|route-local-auth-only,central:proxy.enforceApiMemberMutationPolicy(PRODUCT_WRITE),,app/api/me/relations/[type]/route.ts,N
/api/me/rider/location,POST,ACCOUNT_SOCIAL,member,api_route,Y,DENY,DENY,DENY,DENY,none|route-local-auth-only,central:proxy.enforceApiMemberMutationPolicy(PRODUCT_WRITE),,app/api/me/rider/location/route.ts,N
/api/me/rider/orders/[orderId]/pod-upload,POST,ACCOUNT_SOCIAL,member,api_route,Y,DENY,DENY,DENY,DENY,none|route-local-auth-only,central:proxy.enforceApiMemberMutationPolicy(PRODUCT_WRITE),,app/api/me/rider/orders/[orderId]/pod-upload/route.ts,N
/api/me/rider/orders/[orderId],PATCH,ACCOUNT_SOCIAL,member,api_route,Y,DENY,DENY,DENY,DENY,none|route-local-auth-only,central:proxy.enforceApiMemberMutationPolicy(PRODUCT_WRITE),,app/api/me/rider/orders/[orderId]/route.ts,N
/api/me/rider/status,PATCH,ACCOUNT_SOCIAL,member,api_route,Y,DENY,DENY,DENY,DENY,none|route-local-auth-only,central:proxy.enforceApiMemberMutationPolicy(PRODUCT_WRITE),,app/api/me/rider/status/route.ts,N
/api/me/settings/notices/[noticeId]/comments/[commentId],DELETE,ACCOUNT_SOCIAL,member,api_route,Y,DENY,DENY,DENY,DENY,none|route-local-auth-only,central:proxy.enforceApiMemberMutationPolicy(PRODUCT_WRITE),,app/api/me/settings/notices/[noticeId]/comments/[commentId]/route.ts,N
/api/me/settings/notices/[noticeId]/comments,POST,ACCOUNT_SOCIAL,member,api_route,Y,DENY,DENY,DENY,DENY,none|route-local-auth-only,central:proxy.enforceApiMemberMutationPolicy(PRODUCT_WRITE),,app/api/me/settings/notices/[noticeId]/comments/route.ts,N
/api/me/settings/notices/[noticeId]/view,POST,ACCOUNT_SOCIAL,member,api_route,Y,DENY,DENY,DENY,DENY,none|route-local-auth-only,central:proxy.enforceApiMemberMutationPolicy(PRODUCT_WRITE),,app/api/me/settings/notices/[noticeId]/view/route.ts,N
/api/me/settings,PATCH,ACCOUNT_SOCIAL,member,api_route,Y,DENY,DENY,DENY,DENY,none|route-local-auth-only,central:proxy.enforceApiMemberMutationPolicy(PRODUCT_WRITE),,app/api/me/settings/route.ts,N
/api/me/store-coupons/campaigns,PATCH,ACCOUNT_SOCIAL,member,api_route,Y,DENY,DENY,DENY,DENY,none|route-local-auth-only,central:proxy.enforceApiMemberMutationPolicy(PRODUCT_WRITE),,app/api/me/store-coupons/campaigns/route.ts,N
/api/me/store-coupons/campaigns,POST,ACCOUNT_SOCIAL,member,api_route,Y,DENY,DENY,DENY,DENY,none|route-local-auth-only,central:proxy.enforceApiMemberMutationPolicy(PRODUCT_WRITE),,app/api/me/store-coupons/campaigns/route.ts,N
/api/me/store-coupons/claim,POST,ACCOUNT_SOCIAL,member,api_route,Y,DENY,DENY,DENY,DENY,none|route-local-auth-only,central:proxy.enforceApiMemberMutationPolicy(PRODUCT_WRITE),,app/api/me/store-coupons/claim/route.ts,N
/api/me/store-orders/[orderId]/ensure-chat,POST,DELIVERY_ORDER,member,api_route,Y,DENY,DENY,DENY,DENY,none|route-local-auth-only,central:proxy.enforceApiMemberMutationPolicy(PRODUCT_WRITE),,app/api/me/store-orders/[orderId]/ensure-chat/route.ts,N
/api/me/store-orders/[orderId],DELETE,DELIVERY_ORDER,member,api_route,Y,DENY,DENY,DENY,DENY,none|route-local-auth-only,central:proxy.enforceApiMemberMutationPolicy(PRODUCT_WRITE),,app/api/me/store-orders/[orderId]/route.ts,N
/api/me/store-orders/[orderId],PATCH,DELIVERY_ORDER,member,api_route,Y,DENY,DENY,DENY,DENY,none|route-local-auth-only,central:proxy.enforceApiMemberMutationPolicy(PRODUCT_WRITE),,app/api/me/store-orders/[orderId]/route.ts,N
/api/me/store-orders,POST,DELIVERY_ORDER,member,api_route,Y,DENY,DENY,DENY,DENY,central:assertVerified|isProductWriteDenied,central:proxy.enforceApiMemberMutationPolicy(PRODUCT_WRITE),,app/api/me/store-orders/route.ts,Y
/api/me/store-reports,POST,ACCOUNT_SOCIAL,member,api_route,Y,DENY,DENY,DENY,DENY,none|route-local-auth-only,central:proxy.enforceApiMemberMutationPolicy(PRODUCT_WRITE),,app/api/me/store-reports/route.ts,N
/api/me/store-reviews,POST,ACCOUNT_SOCIAL,member,api_route,Y,DENY,DENY,DENY,DENY,none|route-local-auth-only,central:proxy.enforceApiMemberMutationPolicy(PRODUCT_WRITE),,app/api/me/store-reviews/route.ts,N
/api/me/store-reviews/upload-image,POST,ACCOUNT_SOCIAL,member,api_route,Y,DENY,DENY,DENY,DENY,none|route-local-auth-only,central:proxy.enforceApiMemberMutationPolicy(PRODUCT_WRITE),,app/api/me/store-reviews/upload-image/route.ts,N
/api/me/stores/[storeId]/banners/[bannerId],DELETE,STORE,member,api_route,Y,DENY,DENY,DENY,DENY,none|route-local-auth-only,central:proxy.enforceApiMemberMutationPolicy(PRODUCT_WRITE),,app/api/me/stores/[storeId]/banners/[bannerId]/route.ts,N
/api/me/stores/[storeId]/banners/[bannerId],PATCH,STORE,member,api_route,Y,DENY,DENY,DENY,DENY,none|route-local-auth-only,central:proxy.enforceApiMemberMutationPolicy(PRODUCT_WRITE),,app/api/me/stores/[storeId]/banners/[bannerId]/route.ts,N
/api/me/stores/[storeId]/banners,POST,STORE,member,api_route,Y,DENY,DENY,DENY,DENY,none|route-local-auth-only,central:proxy.enforceApiMemberMutationPolicy(PRODUCT_WRITE),,app/api/me/stores/[storeId]/banners/route.ts,N
/api/me/stores/[storeId]/business-cash,POST,STORE,member,api_route,Y,DENY,DENY,DENY,DENY,none|route-local-auth-only,central:proxy.enforceApiMemberMutationPolicy(PRODUCT_WRITE),,app/api/me/stores/[storeId]/business-cash/route.ts,N
/api/me/stores/[storeId]/delivery-ads/[campaignId]/actions,POST,DELIVERY_ORDER,member,api_route,Y,DENY,DENY,DENY,DENY,none|route-local-auth-only,central:proxy.enforceApiMemberMutationPolicy(PRODUCT_WRITE),,app/api/me/stores/[storeId]/delivery-ads/[campaignId]/actions/route.ts,N
/api/me/stores/[storeId]/delivery-ads/[campaignId]/messages/read,POST,DELIVERY_ORDER,member,api_route,Y,DENY,DENY,DENY,DENY,none|route-local-auth-only,central:proxy.enforceApiMemberMutationPolicy(PRODUCT_WRITE),,app/api/me/stores/[storeId]/delivery-ads/[campaignId]/messages/read/route.ts,N
/api/me/stores/[storeId]/delivery-ads/[campaignId]/messages,POST,DELIVERY_ORDER,member,api_route,Y,DENY,DENY,DENY,DENY,none|route-local-auth-only,central:proxy.enforceApiMemberMutationPolicy(PRODUCT_WRITE),,app/api/me/stores/[storeId]/delivery-ads/[campaignId]/messages/route.ts,N
/api/me/stores/[storeId]/delivery-ads/[campaignId],DELETE,DELIVERY_ORDER,member,api_route,Y,DENY,DENY,DENY,DENY,none|route-local-auth-only,central:proxy.enforceApiMemberMutationPolicy(PRODUCT_WRITE),,app/api/me/stores/[storeId]/delivery-ads/[campaignId]/route.ts,N
/api/me/stores/[storeId]/delivery-ads/[campaignId],PATCH,DELIVERY_ORDER,member,api_route,Y,DENY,DENY,DENY,DENY,none|route-local-auth-only,central:proxy.enforceApiMemberMutationPolicy(PRODUCT_WRITE),,app/api/me/stores/[storeId]/delivery-ads/[campaignId]/route.ts,N
/api/me/stores/[storeId]/delivery-ads/banner,POST,DELIVERY_ORDER,member,api_route,Y,DENY,DENY,DENY,DENY,none|route-local-auth-only,central:proxy.enforceApiMemberMutationPolicy(PRODUCT_WRITE),,app/api/me/stores/[storeId]/delivery-ads/banner/route.ts,N
/api/me/stores/[storeId]/delivery-ads,POST,DELIVERY_ORDER,member,api_route,Y,DENY,DENY,DENY,DENY,none|route-local-auth-only,central:proxy.enforceApiMemberMutationPolicy(PRODUCT_WRITE),,app/api/me/stores/[storeId]/delivery-ads/route.ts,N
/api/me/stores/[storeId]/delivery-ads/upload-banner-image,POST,DELIVERY_ORDER,member,api_route,Y,DENY,DENY,DENY,DENY,none|route-local-auth-only,central:proxy.enforceApiMemberMutationPolicy(PRODUCT_WRITE),,app/api/me/stores/[storeId]/delivery-ads/upload-banner-image/route.ts,N
/api/me/stores/[storeId]/delivery-service-areas,POST,DELIVERY_ORDER,member,api_route,Y,DENY,DENY,DENY,DENY,none|route-local-auth-only,central:proxy.enforceApiMemberMutationPolicy(PRODUCT_WRITE),,app/api/me/stores/[storeId]/delivery-service-areas/route.ts,N
/api/me/stores/[storeId]/delivery-service-areas,PUT,DELIVERY_ORDER,member,api_route,Y,DENY,DENY,DENY,DENY,none|route-local-auth-only,central:proxy.enforceApiMemberMutationPolicy(PRODUCT_WRITE),,app/api/me/stores/[storeId]/delivery-service-areas/route.ts,N
/api/me/stores/[storeId]/finance/withdrawals,POST,FINANCE,member,api_route,Y,DENY,DENY,DENY,DENY,none|route-local-auth-only,central:proxy.enforceApiMemberMutationPolicy(PRODUCT_WRITE),,app/api/me/stores/[storeId]/finance/withdrawals/route.ts,N
/api/me/stores/[storeId]/gift-certificates/applications,POST,STORE,member,api_route,Y,DENY,DENY,DENY,DENY,none|route-local-auth-only,central:proxy.enforceApiMemberMutationPolicy(PRODUCT_WRITE),,app/api/me/stores/[storeId]/gift-certificates/applications/route.ts,N
/api/me/stores/[storeId]/gift-certificates/cash-outs,POST,STORE,member,api_route,Y,DENY,DENY,DENY,DENY,none|route-local-auth-only,central:proxy.enforceApiMemberMutationPolicy(PRODUCT_WRITE),,app/api/me/stores/[storeId]/gift-certificates/cash-outs/route.ts,N
/api/me/stores/[storeId]/gift-certificates/conversions,POST,STORE,member,api_route,Y,DENY,DENY,DENY,DENY,none|route-local-auth-only,central:proxy.enforceApiMemberMutationPolicy(PRODUCT_WRITE),,app/api/me/stores/[storeId]/gift-certificates/conversions/route.ts,N
/api/me/stores/[storeId]/inquiries/[inquiryId],PATCH,STORE,member,api_route,Y,DENY,DENY,DENY,DENY,none|route-local-auth-only,central:proxy.enforceApiMemberMutationPolicy(PRODUCT_WRITE),,app/api/me/stores/[storeId]/inquiries/[inquiryId]/route.ts,N
/api/me/stores/[storeId]/menu-sections/[sectionId],DELETE,STORE,member,api_route,Y,DENY,DENY,DENY,DENY,none|route-local-auth-only,central:proxy.enforceApiMemberMutationPolicy(PRODUCT_WRITE),,app/api/me/stores/[storeId]/menu-sections/[sectionId]/route.ts,N
/api/me/stores/[storeId]/menu-sections/[sectionId],PATCH,STORE,member,api_route,Y,DENY,DENY,DENY,DENY,none|route-local-auth-only,central:proxy.enforceApiMemberMutationPolicy(PRODUCT_WRITE),,app/api/me/stores/[storeId]/menu-sections/[sectionId]/route.ts,N
/api/me/stores/[storeId]/menu-sections,POST,STORE,member,api_route,Y,DENY,DENY,DENY,DENY,none|route-local-auth-only,central:proxy.enforceApiMemberMutationPolicy(PRODUCT_WRITE),,app/api/me/stores/[storeId]/menu-sections/route.ts,N
/api/me/stores/[storeId]/notices/[noticeId],DELETE,STORE,member,api_route,Y,DENY,DENY,DENY,DENY,none|route-local-auth-only,central:proxy.enforceApiMemberMutationPolicy(PRODUCT_WRITE),,app/api/me/stores/[storeId]/notices/[noticeId]/route.ts,N
/api/me/stores/[storeId]/notices/[noticeId],PATCH,STORE,member,api_route,Y,DENY,DENY,DENY,DENY,none|route-local-auth-only,central:proxy.enforceApiMemberMutationPolicy(PRODUCT_WRITE),,app/api/me/stores/[storeId]/notices/[noticeId]/route.ts,N
/api/me/stores/[storeId]/notices,POST,STORE,member,api_route,Y,DENY,DENY,DENY,DENY,none|route-local-auth-only,central:proxy.enforceApiMemberMutationPolicy(PRODUCT_WRITE),,app/api/me/stores/[storeId]/notices/route.ts,N
/api/me/stores/[storeId]/orders/[orderId]/cancel-request,POST,STORE,member,api_route,Y,DENY,DENY,DENY,DENY,none|route-local-auth-only,central:proxy.enforceApiMemberMutationPolicy(PRODUCT_WRITE),,app/api/me/stores/[storeId]/orders/[orderId]/cancel-request/route.ts,N
/api/me/stores/[storeId]/orders/[orderId]/delivery,PATCH,DELIVERY_ORDER,member,api_route,Y,DENY,DENY,DENY,DENY,none|route-local-auth-only,central:proxy.enforceApiMemberMutationPolicy(PRODUCT_WRITE),,app/api/me/stores/[storeId]/orders/[orderId]/delivery/route.ts,N
/api/me/stores/[storeId]/orders/[orderId]/ensure-chat,POST,STORE,member,api_route,Y,DENY,DENY,DENY,DENY,none|route-local-auth-only,central:proxy.enforceApiMemberMutationPolicy(PRODUCT_WRITE),,app/api/me/stores/[storeId]/orders/[orderId]/ensure-chat/route.ts,N
/api/me/stores/[storeId]/orders/[orderId],PATCH,STORE,member,api_route,Y,DENY,DENY,DENY,DENY,none|route-local-auth-only,central:proxy.enforceApiMemberMutationPolicy(PRODUCT_WRITE),,app/api/me/stores/[storeId]/orders/[orderId]/route.ts,N
/api/me/stores/[storeId]/platform-inquiries,POST,STORE,member,api_route,Y,DENY,DENY,DENY,DENY,none|route-local-auth-only,central:proxy.enforceApiMemberMutationPolicy(PRODUCT_WRITE),,app/api/me/stores/[storeId]/platform-inquiries/route.ts,N
/api/me/stores/[storeId]/point-charges,POST,STORE,member,api_route,Y,DENY,DENY,DENY,DENY,none|route-local-auth-only,central:proxy.enforceApiMemberMutationPolicy(PRODUCT_WRITE),,app/api/me/stores/[storeId]/point-charges/route.ts,N
/api/me/stores/[storeId]/products/[productId],PATCH,STORE,member,api_route,Y,DENY,DENY,DENY,DENY,none|route-local-auth-only,central:proxy.enforceApiMemberMutationPolicy(PRODUCT_WRITE),,app/api/me/stores/[storeId]/products/[productId]/route.ts,N
/api/me/stores/[storeId]/products,POST,STORE,member,api_route,Y,DENY,DENY,DENY,DENY,none|route-local-auth-only,central:proxy.enforceApiMemberMutationPolicy(PRODUCT_WRITE),,app/api/me/stores/[storeId]/products/route.ts,N
/api/me/stores/[storeId]/reviews/[reviewId]/reply,PATCH,STORE,member,api_route,Y,DENY,DENY,DENY,DENY,none|route-local-auth-only,central:proxy.enforceApiMemberMutationPolicy(PRODUCT_WRITE),,app/api/me/stores/[storeId]/reviews/[reviewId]/reply/route.ts,N
/api/me/stores/[storeId],PATCH,STORE,member,api_route,Y,DENY,DENY,DENY,DENY,none|route-local-auth-only,central:proxy.enforceApiMemberMutationPolicy(PRODUCT_WRITE),,app/api/me/stores/[storeId]/route.ts,N
/api/me/stores/[storeId]/upload-image,POST,STORE,member,api_route,Y,DENY,DENY,DENY,DENY,none|route-local-auth-only,central:proxy.enforceApiMemberMutationPolicy(PRODUCT_WRITE),,app/api/me/stores/[storeId]/upload-image/route.ts,N
/api/me/stores,POST,STORE,member,api_route,Y,DENY,DENY,DENY,DENY,none|route-local-auth-only,central:proxy.enforceApiMemberMutationPolicy(PRODUCT_WRITE),,app/api/me/stores/route.ts,N
/api/me/trade-presence/beacon,POST,TRADE,member,api_route,Y,DENY,DENY,DENY,DENY,none|route-local-auth-only,central:proxy.enforceApiMemberMutationPolicy(PRODUCT_WRITE),,app/api/me/trade-presence/beacon/route.ts,N
/api/me/trade-presence/heartbeat,POST,TRADE,member,api_route,Y,DENY,DENY,DENY,DENY,none|route-local-auth-only,central:proxy.enforceApiMemberMutationPolicy(PRODUCT_WRITE),,app/api/me/trade-presence/heartbeat/route.ts,N
/api/me/trade-presence,PATCH,TRADE,member,api_route,Y,DENY,DENY,DENY,DENY,none|route-local-auth-only,central:proxy.enforceApiMemberMutationPolicy(PRODUCT_WRITE),,app/api/me/trade-presence/route.ts,N
/api/me/username/confirm,POST,ACCOUNT_SOCIAL,member,api_route,Y,DENY,DENY,DENY,DENY,none|route-local-auth-only,central:proxy.enforceApiMemberMutationPolicy(PRODUCT_WRITE),,app/api/me/username/confirm/route.ts,N
/api/me/username/reserve,POST,ACCOUNT_SOCIAL,member,api_route,Y,DENY,DENY,DENY,DENY,none|route-local-auth-only,central:proxy.enforceApiMemberMutationPolicy(PRODUCT_WRITE),,app/api/me/username/reserve/route.ts,N
/api/offers/[id]/accept,POST,OTHER,member,api_route,Y,DENY,DENY,DENY,DENY,central:assertVerified|isProductWriteDenied,central:proxy.enforceApiMemberMutationPolicy(PRODUCT_WRITE),,app/api/offers/[id]/accept/route.ts,Y
/api/offers/[id]/reject,POST,OTHER,member,api_route,Y,DENY,DENY,DENY,DENY,central:assertVerified|isProductWriteDenied,central:proxy.enforceApiMemberMutationPolicy(PRODUCT_WRITE),,app/api/offers/[id]/reject/route.ts,Y
/api/offers,POST,OTHER,member,api_route,Y,DENY,DENY,DENY,DENY,central:assertVerified|isProductWriteDenied,central:proxy.enforceApiMemberMutationPolicy(PRODUCT_WRITE),,app/api/offers/route.ts,Y
/api/philife/meetings/[meetingId]/album/[itemId],DELETE,COMMUNITY,member,api_route,Y,DENY,DENY,DENY,DENY,none|route-local-auth-only,central:proxy.enforceApiMemberMutationPolicy(PRODUCT_WRITE),,app/api/philife/meetings/[meetingId]/album/[itemId]/route.ts,N
/api/philife/meetings/[meetingId]/album,POST,COMMUNITY,member,api_route,Y,DENY,DENY,DENY,DENY,none|route-local-auth-only,central:proxy.enforceApiMemberMutationPolicy(PRODUCT_WRITE),,app/api/philife/meetings/[meetingId]/album/route.ts,N
/api/philife/meetings/[meetingId]/feed/[postId],DELETE,COMMUNITY,member,api_route,Y,DENY,DENY,DENY,DENY,none|route-local-auth-only,central:proxy.enforceApiMemberMutationPolicy(PRODUCT_WRITE),,app/api/philife/meetings/[meetingId]/feed/[postId]/route.ts,N
/api/philife/meetings/[meetingId]/feed,POST,COMMUNITY,member,api_route,Y,DENY,DENY,DENY,DENY,central:assertVerified|isProductWriteDenied,central:proxy.enforceApiMemberMutationPolicy(PRODUCT_WRITE),,app/api/philife/meetings/[meetingId]/feed/route.ts,Y
/api/philife/meetings/[meetingId]/report,POST,COMMUNITY,member,api_route,Y,DENY,DENY,DENY,DENY,none|route-local-auth-only,central:proxy.enforceApiMemberMutationPolicy(PRODUCT_WRITE),,app/api/philife/meetings/[meetingId]/report/route.ts,N
/api/platform-popup/events,POST,OTHER,system/public,api_route,N,N/A,N/A,N/A,NON_MEMBER,none|route-local-auth-only,NONE(NON_MEMBER),cron/webhook/admin/system/public side-effect — not member lifecycle gate,app/api/platform-popup/events/route.ts,N
/api/platform-popup/suppress,POST,OTHER,system/public,api_route,N,N/A,N/A,N/A,NON_MEMBER,none|route-local-auth-only,NONE(NON_MEMBER),cron/webhook/admin/system/public side-effect — not member lifecycle gate,app/api/platform-popup/suppress/route.ts,N
/api/platform-promotion/content-visit,POST,OTHER,system/public,api_route,N,N/A,N/A,N/A,NON_MEMBER,none|route-local-auth-only,NONE(NON_MEMBER),cron/webhook/admin/system/public side-effect — not member lifecycle gate,app/api/platform-promotion/content-visit/route.ts,N
/api/platform-promotion/reconcile-guest,POST,OTHER,system/public,api_route,N,N/A,N/A,N/A,NON_MEMBER,none|route-local-auth-only,NONE(NON_MEMBER),cron/webhook/admin/system/public side-effect — not member lifecycle gate,app/api/platform-promotion/reconcile-guest/route.ts,N
/api/posts/[postId]/comments,POST,OTHER,member,api_route,Y,DENY,DENY,DENY,DENY,none|route-local-auth-only,central:proxy.enforceApiMemberMutationPolicy(PRODUCT_WRITE),,app/api/posts/[postId]/comments/route.ts,N
/api/posts/[postId]/increment-view,POST,OTHER,system/public,api_route,N,N/A,N/A,N/A,NON_MEMBER,none|route-local-auth-only,NONE(NON_MEMBER),cron/webhook/admin/system/public side-effect — not member lifecycle gate,app/api/posts/[postId]/increment-view/route.ts,N
/api/posts/[postId]/job-apply,POST,OTHER,member,api_route,Y,DENY,DENY,DENY,DENY,central:assertVerified|isProductWriteDenied,central:proxy.enforceApiMemberMutationPolicy(PRODUCT_WRITE),,app/api/posts/[postId]/job-apply/route.ts,Y
/api/posts/[postId]/owner-delete,POST,STORE,member,api_route,Y,DENY,DENY,DENY,DENY,none|route-local-auth-only,central:proxy.enforceApiMemberMutationPolicy(PRODUCT_WRITE),,app/api/posts/[postId]/owner-delete/route.ts,N
/api/posts/[postId]/owner-status,POST,STORE,member,api_route,Y,DENY,DENY,DENY,DENY,none|route-local-auth-only,central:proxy.enforceApiMemberMutationPolicy(PRODUCT_WRITE),,app/api/posts/[postId]/owner-status/route.ts,N
/api/posts/[postId]/owner-trade-update,PATCH,TRADE,member,api_route,Y,DENY,DENY,DENY,DENY,central:assertVerified|isProductWriteDenied,central:proxy.enforceApiMemberMutationPolicy(PRODUCT_WRITE),,app/api/posts/[postId]/owner-trade-update/route.ts,Y
/api/posts/[postId]/seller-listing-state,POST,OTHER,member,api_route,Y,DENY,DENY,DENY,DENY,central:assertVerified|isProductWriteDenied,central:proxy.enforceApiMemberMutationPolicy(PRODUCT_WRITE),,app/api/posts/[postId]/seller-listing-state/route.ts,Y
/api/posts/[postId]/trade-ads/apply,POST,TRADE,member,api_route,Y,DENY,DENY,DENY,DENY,none|route-local-auth-only,central:proxy.enforceApiMemberMutationPolicy(PRODUCT_WRITE),,app/api/posts/[postId]/trade-ads/apply/route.ts,N
/api/posts/[postId]/trade-lifecycle,POST,TRADE,member,api_route,Y,DENY,DENY,DENY,DENY,central:assertVerified|isProductWriteDenied,central:proxy.enforceApiMemberMutationPolicy(PRODUCT_WRITE),,app/api/posts/[postId]/trade-lifecycle/route.ts,Y
/api/posts/create,POST,OTHER,member,api_route,Y,DENY,DENY,DENY,DENY,central:assertVerified|isProductWriteDenied,central:proxy.enforceApiMemberMutationPolicy(PRODUCT_WRITE),,app/api/posts/create/route.ts,Y
/api/posts/upload-image,POST,OTHER,member,api_route,Y,DENY,DENY,DENY,DENY,none|route-local-auth-only,central:proxy.enforceApiMemberMutationPolicy(PRODUCT_WRITE),,app/api/posts/upload-image/route.ts,N
/api/reports,POST,OTHER,member,api_route,Y,DENY,DENY,DENY,DENY,none|route-local-auth-only,central:proxy.enforceApiMemberMutationPolicy(PRODUCT_WRITE),,app/api/reports/route.ts,N
/api/stores/[slug]/favorite,DELETE,STORE,member,api_route,Y,DENY,DENY,DENY,DENY,central:assertVerified|isProductWriteDenied,central:proxy.enforceApiMemberMutationPolicy(PRODUCT_WRITE),,app/api/stores/[slug]/favorite/route.ts,Y
/api/stores/[slug]/favorite,POST,STORE,member,api_route,Y,DENY,DENY,DENY,DENY,central:assertVerified|isProductWriteDenied,central:proxy.enforceApiMemberMutationPolicy(PRODUCT_WRITE),,app/api/stores/[slug]/favorite/route.ts,Y
/api/stores/[slug]/inquiries,POST,STORE,member,api_route,Y,DENY,DENY,DENY,DENY,central:assertVerified|isProductWriteDenied,central:proxy.enforceApiMemberMutationPolicy(PRODUCT_WRITE),,app/api/stores/[slug]/inquiries/route.ts,Y
/api/stores/ads/click,POST,STORE,member,api_route,Y,DENY,DENY,DENY,DENY,none|route-local-auth-only,central:proxy.enforceApiMemberMutationPolicy(PRODUCT_WRITE),,app/api/stores/ads/click/route.ts,N
/api/stores/ads/impression,POST,STORE,member,api_route,Y,DENY,DENY,DENY,DENY,none|route-local-auth-only,central:proxy.enforceApiMemberMutationPolicy(PRODUCT_WRITE),,app/api/stores/ads/impression/route.ts,N
/api/support/cases/[caseId],POST,SUPPORT,member,api_route,Y,EXEMPT,EXEMPT,EXEMPT,EXEMPT,none|route-local-auth-only,central:EXEMPT(explicit),explicit MEMBER_MUTATION_EXEMPT_RULES,app/api/support/cases/[caseId]/route.ts,N
/api/support/cases/open,POST,SUPPORT,member,api_route,Y,EXEMPT,EXEMPT,EXEMPT,EXEMPT,none|route-local-auth-only,central:EXEMPT(explicit),explicit MEMBER_MUTATION_EXEMPT_RULES,app/api/support/cases/open/route.ts,N
/api/test-login,POST,OTHER,system/public,api_route,N,N/A,N/A,N/A,NON_MEMBER,none|route-local-auth-only,NONE(NON_MEMBER),cron/webhook/admin/system/public side-effect — not member lifecycle gate,app/api/test-login/route.ts,N
/api/test-logout,POST,OTHER,system/public,api_route,N,N/A,N/A,N/A,NON_MEMBER,none|route-local-auth-only,NONE(NON_MEMBER),cron/webhook/admin/system/public side-effect — not member lifecycle gate,app/api/test-logout/route.ts,N
/api/trade/chat/entry/resolve,POST,TRADE,member,api_route,Y,DENY,DENY,DENY,DENY,none|route-local-auth-only,central:proxy.enforceApiMemberMutationPolicy(PRODUCT_WRITE),,app/api/trade/chat/entry/resolve/route.ts,N
/api/trade/product-chat/[roomId]/buyer-confirm,POST,TRADE,member,api_route,Y,DENY,DENY,DENY,DENY,central:assertVerified|isProductWriteDenied,central:proxy.enforceApiMemberMutationPolicy(PRODUCT_WRITE),,app/api/trade/product-chat/[roomId]/buyer-confirm/route.ts,Y
/api/trade/product-chat/[roomId]/buyer-issue,POST,TRADE,member,api_route,Y,DENY,DENY,DENY,DENY,central:assertVerified|isProductWriteDenied,central:proxy.enforceApiMemberMutationPolicy(PRODUCT_WRITE),,app/api/trade/product-chat/[roomId]/buyer-issue/route.ts,Y
/api/trade/product-chat/[roomId]/seller-complete,POST,TRADE,member,api_route,Y,DENY,DENY,DENY,DENY,central:assertVerified|isProductWriteDenied,central:proxy.enforceApiMemberMutationPolicy(PRODUCT_WRITE),,app/api/trade/product-chat/[roomId]/seller-complete/route.ts,Y
/api/trade/product-chat/[roomId]/submit-review,POST,TRADE,member,api_route,Y,DENY,DENY,DENY,DENY,central:assertVerified|isProductWriteDenied,central:proxy.enforceApiMemberMutationPolicy(PRODUCT_WRITE),,app/api/trade/product-chat/[roomId]/submit-review/route.ts,Y
/api/webhooks/delivery-rider-location,POST,DELIVERY_ORDER,system/public,api_route,N,N/A,N/A,N/A,NON_MEMBER,none|route-local-auth-only,NONE(NON_MEMBER),cron/webhook/admin/system/public side-effect — not member lifecycle gate,app/api/webhooks/delivery-rider-location/route.ts,N
/api/webhooks/external-delivery,POST,OTHER,system/public,api_route,N,N/A,N/A,N/A,NON_MEMBER,none|route-local-auth-only,NONE(NON_MEMBER),cron/webhook/admin/system/public side-effect — not member lifecycle gate,app/api/webhooks/external-delivery/route.ts,N
/api/webhooks/store-order-payment,POST,OTHER,system/public,api_route,N,N/A,N/A,N/A,NON_MEMBER,none|route-local-auth-only,NONE(NON_MEMBER),cron/webhook/admin/system/public side-effect — not member lifecycle gate,app/api/webhooks/store-order-payment/route.ts,N
